{
  "Author": "attick, Kami, Daemitus, Grammernatzi, Aki, Iaotle, Codemned, PrincessRTFM",
  "Name": "XIVSlothCombo",
  "InternalName": "XIVSlothCombo",
  "AssemblyVersion": "3.9.0.4",
  "Description": "This plugin condenses combos and mutually exclusive abilities onto a single button. For example, a 1-2-3 combo would become 1-1-1.",
  "ApplicableVersion": "any",
  "RepoUrl": "https://github.com/Nik-Potokar/XIVSlothCombo",
  "DalamudApiLevel": 5,
  "LoadPriority": 0,
  "ImageUrls": [
    "https://cdn.discordapp.com/attachments/594230324209123330/905362481671720970/akified.png"
  ],
  "IconUrl": "https://cdn.discordapp.com/attachments/594230324209123330/905362481671720970/akified.png",
  "Punchline": "Condenses combos and mutually exclusive abilities onto a single button."
}